id,address_id,customer_id,full_name_admin_person,email_admin_person,phone_number_admin_person,full_name_tech_person,email_tech_person,phone_number_tech_person
1,1,1,Rory Etoile,ajorissen0@icio.us,268-172-5664,Auroora Jorissen,ajorissen0@newyorker.com,450-431-8311
2,2,2,Abra Kemmett,mjex1@ustream.tv,657-198-2664,Max Jex,mjex1@soup.io,107-659-1987
3,3,3,Anastasie Sparshott,dhowe2@discuz.net,717-553-5608,Daryl Howe,dhowe2@imgur.com,413-884-3040
4,4,4,Juliette Gable,lolding3@blinklist.com,228-733-9785,Logan Olding,lolding3@bandcamp.com,277-845-0192
5,5,5,Terri-jo Gaisford,mmailes4@harvard.edu,772-448-4591,Maryellen Mailes,mmailes4@ocn.ne.jp,882-336-4415
6,6,6,Rayner Arends,hsteanyng5@webeden.co.uk,748-391-0780,Hasheem Steanyng,hsteanyng5@indiegogo.com,987-260-8962
7,7,7,Sileas Blench,bbraidman6@google.cn,292-430-6494,Brooks Braidman,bbraidman6@vkontakte.ru,287-392-4101
8,8,8,Mela Markwell,zjoll7@house.gov,456-154-0830,Zorina Joll,zjoll7@gnu.org,831-921-7756
9,9,9,Fern Gallyhaock,slynde8@diigo.com,332-555-7081,Saundra Lynde,slynde8@epa.gov,996-864-0660
10,10,10,Jules Praundl,jcran9@nbcnews.com,211-351-2950,Jodee Cran,jcran9@umn.edu,860-112-5699
11,11,11,Karl McCurley,osloana@gravatar.com,678-572-6427,Orran Sloan,osloana@yelp.com,581-971-2781
12,12,12,Braden Kelleher,rrenboldb@harvard.edu,964-658-5268,Robb Renbold,rrenboldb@hud.gov,502-746-9591
13,13,13,Artemas St. Paul,mhewesc@vinaora.com,387-238-8506,Madison Hewes,mhewesc@fotki.com,543-210-7301
14,14,14,Pepi Wymer,lnibleyd@oracle.com,946-169-0123,Lance Nibley,lnibleyd@zimbio.com,742-910-7842
15,15,15,Felicle Adamik,amccarte@umich.edu,577-162-7011,Adair McCart,amccarte@foxnews.com,874-105-2184
16,16,16,Heddi Cars,krennardf@businessinsider.com,388-205-6468,Knox Rennard,krennardf@utexas.edu,120-276-5436
17,17,17,Kris Haselgrove,edenyerg@senate.gov,484-243-3027,Emile Denyer,edenyerg@histats.com,936-383-2635
18,18,18,Sheba Leckey,jbeardowh@dion.ne.jp,742-692-0426,Jacky Beardow,jbeardowh@slate.com,714-945-9106
19,19,19,Rand Wegener,brozsai@scribd.com,187-967-4239,Betsey Rozsa,brozsai@fotki.com,614-469-6044
20,20,20,Udell Moncaster,bnadinj@bluehost.com,303-123-1876,Bobine Nadin,bnadinj@discovery.com,235-471-1913
21,21,21,Odella Inchcomb,mshuttk@ed.gov,710-330-2873,Manda Shutt,mshuttk@blogs.com,365-646-4063
22,22,22,Eward O'Deoran,fkentonl@creativecommons.org,532-113-4117,Frannie Kenton,fkentonl@telegraph.co.uk,688-398-1791
23,23,23,Brok Goor,griddeoughm@pinterest.com,930-928-4264,Giselbert Riddeough,griddeoughm@tuttocitta.it,617-629-5404
24,24,24,Becki Roskelley,wbrinklern@ifeng.com,106-672-9971,Winfield Brinkler,wbrinklern@cbsnews.com,452-316-0560
25,25,25,Carney Zebedee,nmeyso@pen.io,187-725-7196,Nanine Meys,nmeyso@dagondesign.com,310-765-9879
26,26,26,Elihu Guage,aporrittp@chron.com,539-742-6852,Archer Porritt,aporrittp@dedecms.com,353-449-3289
27,27,27,Rania Pretsell,akynclq@php.net,722-310-9399,Adelina Kyncl,akynclq@businessweek.com,417-471-2814
28,28,28,Bordie Dugall,cassonr@jugem.jp,871-175-8503,Care Asson,cassonr@is.gd,136-346-0271
29,29,29,Paulina Christoffels,eworhams@blinklist.com,298-687-7097,Evey Worham,eworhams@economist.com,443-709-0773
30,30,30,Spencer Wake,mgovenlockt@istockphoto.com,783-610-9243,Merna Govenlock,mgovenlockt@spiegel.de,912-592-5450
31,31,31,Jemmy Real,avawtonu@icq.com,697-885-4498,Ally Vawton,avawtonu@telegraph.co.uk,390-913-2305
32,32,32,Denis Fotitt,ddoubledayv@forbes.com,657-854-9403,Diandra Doubleday,ddoubledayv@google.pl,905-402-6104
33,33,33,Bessy Slaght,greichertw@thetimes.co.uk,695-319-3649,Georgiana Reichert,greichertw@prweb.com,713-964-2138
34,34,34,Charity Andreia,mmarquesx@linkedin.com,347-248-8061,Mordy Marques,mmarquesx@1688.com,706-644-8240
35,35,35,Otho Howsden,ktugwelly@auda.org.au,499-510-2760,Kiley Tugwell,ktugwelly@imdb.com,384-235-5890
36,36,36,Reginauld Holt,bberrygunz@tripadvisor.com,111-503-9702,Bradford Berrygun,bberrygunz@studiopress.com,412-671-2009
37,37,37,Flossy McGeady,gbrisker10@gravatar.com,995-427-2066,Godard Brisker,gbrisker10@mashable.com,187-512-9786
38,38,38,Jerrilyn O'Doohaine,cfurlow11@myspace.com,650-816-8911,Celestia Furlow,cfurlow11@youtu.be,410-690-4007
39,39,39,Winn Liddyard,bendean12@prweb.com,279-647-8388,Brooke Endean,bendean12@odnoklassniki.ru,509-455-0415
40,40,40,Mohandas Fernier,ekingswoode13@about.com,985-932-5106,Evangelin Kingswoode,ekingswoode13@tmall.com,678-119-8913
41,41,41,Ker Dahmke,mshrubshall14@ezinearticles.com,223-282-0227,Marlane Shrubshall,mshrubshall14@epa.gov,814-276-1811
42,42,42,Hall Nelthropp,mdenisevich15@sina.com.cn,313-323-2148,Morgan Denisevich,mdenisevich15@noaa.gov,633-487-0903
43,43,43,Johnnie Richarz,ahanselmann16@shutterfly.com,390-323-2738,Alfy Hanselmann,ahanselmann16@wsj.com,276-202-9418
44,44,44,Merry Woodworth,rsaundercock17@ifeng.com,366-508-9623,Redd Saundercock,rsaundercock17@unesco.org,990-138-0795
45,45,45,Yolanthe Rhymer,mgozzard18@ft.com,867-677-2247,Moises Gozzard,mgozzard18@google.com,309-532-2476
46,46,46,Celine Sandry,fboggon19@deviantart.com,256-981-6287,Farlee Boggon,fboggon19@usatoday.com,843-829-3933
47,47,47,Berenice Leamy,lshelvey1a@cloudflare.com,717-749-9662,Lynnell Shelvey,lshelvey1a@yahoo.com,814-273-9837
48,48,48,Codi Pardew,mryder1b@clickbank.net,656-943-6318,Mal Ryder,mryder1b@furl.net,413-821-3296
49,49,49,Ermin Muskett,mingre1c@nps.gov,767-440-1821,Marylin Ingre,mingre1c@icq.com,124-286-5002
50,50,50,Tobye Slessor,allewhellin1d@deviantart.com,566-916-5556,Aubree Llewhellin,allewhellin1d@digg.com,797-852-9462
51,51,51,Corey Durning,bgeram1e@wiley.com,886-494-8471,Brigit Geram,bgeram1e@mapy.cz,529-674-2807
52,52,52,Darya Leadston,bcoviello1f@disqus.com,347-976-8242,Brok Coviello,bcoviello1f@cdbaby.com,860-988-4200
53,53,53,Rozanna Idel,gcastangia1g@so-net.ne.jp,255-885-5565,Giuditta Castangia,gcastangia1g@abc.net.au,772-785-4992
54,54,54,Joceline Owbrick,lcoldman1h@jiathis.com,646-541-8861,Lauryn Coldman,lcoldman1h@google.co.uk,494-869-5326
55,55,55,Auberon Escoffrey,kharvie1i@fotki.com,201-899-9633,Konrad Harvie,kharvie1i@reverbnation.com,692-963-5947
56,56,56,Emmalynn de Quincey,lwasling1j@princeton.edu,719-989-6279,Loren Wasling,lwasling1j@huffingtonpost.com,670-395-3391
57,57,57,Hirsch Bengtsson,jwind1k@hostgator.com,439-976-3207,Jena Wind,jwind1k@thetimes.co.uk,144-947-2371
58,58,58,Jory Alu,ebeumant1l@webs.com,336-288-0971,Estell Beumant,ebeumant1l@gizmodo.com,486-208-7976
59,59,59,Corrina Draycott,amccooke1m@edublogs.org,292-813-7912,Aeriela McCooke,amccooke1m@miibeian.gov.cn,548-250-1777
60,60,60,Moritz Densell,sschimoni1n@hp.com,655-419-6665,Steffane Schimoni,sschimoni1n@bloglines.com,130-786-0226
61,61,61,Tedra Lowden,gkelley1o@smh.com.au,745-985-3980,Ginni Kelley,gkelley1o@is.gd,290-802-3310
62,62,62,Amber Martill,mminucci1p@forbes.com,891-827-4403,Maddie Minucci,mminucci1p@miitbeian.gov.cn,372-752-4875
63,63,63,Holli Selborne,hgrumley1q@phoca.cz,754-762-8857,Helen-elizabeth Grumley,hgrumley1q@instagram.com,806-756-9874
64,64,64,Esme Halbard,mdollimore1r@uiuc.edu,359-983-1697,Mariya Dollimore,mdollimore1r@microsoft.com,152-404-2836
65,65,65,Alano Moores,msleicht1s@nydailynews.com,368-209-8146,Micki Sleicht,msleicht1s@icio.us,874-829-3743
66,66,66,Rawley Shimman,sbatkin1t@google.com.au,364-824-7179,Skip Batkin,sbatkin1t@biblegateway.com,108-683-4417
67,67,67,Jeane Ourtic,ppudding1u@unesco.org,299-398-5559,Port Pudding,ppudding1u@home.pl,935-791-7166
68,68,68,Tessi Skitteral,dmcbrearty1v@csmonitor.com,969-966-4281,Denny McBrearty,dmcbrearty1v@behance.net,952-794-6831
69,69,69,Bondie Radke,jkarlqvist1w@ucoz.ru,140-651-9177,Jolee Karlqvist,jkarlqvist1w@jiathis.com,773-521-6488
70,70,70,Valera Rosendahl,lheugh1x@istockphoto.com,171-172-4909,Linus Heugh,lheugh1x@baidu.com,662-346-6311
71,71,71,Cesare Swinley,charnes1y@walmart.com,557-438-0566,Carolyn Harnes,charnes1y@quantcast.com,841-987-0977
72,72,72,Gusta Weatherhead,pdalley1z@who.int,681-766-7888,Petunia Dalley,pdalley1z@kickstarter.com,180-680-6850
73,73,73,Petronella Davidovics,dwyche20@hugedomains.com,547-492-6206,Dalila Wyche,dwyche20@slate.com,104-506-6974
74,74,74,Polly Chittim,tbriddle21@springer.com,984-281-0339,Tedra Briddle,tbriddle21@ibm.com,513-627-5751
75,75,75,Dermot Doull,cgoranov22@auda.org.au,891-532-8299,Carlin Goranov,cgoranov22@goo.gl,650-352-8108
76,76,76,Gerard Arrigo,ctaylot23@dmoz.org,504-510-4541,Corey Taylot,ctaylot23@psu.edu,280-553-3613
77,77,77,Edita Dalgetty,ksorel24@sogou.com,205-443-9660,Kin Sorel,ksorel24@opensource.org,170-731-0458
78,78,78,Audrye A'Barrow,zkarim25@cocolog-nifty.com,857-400-8315,Zondra Karim,zkarim25@loc.gov,227-349-6721
79,79,79,Wilt Demkowicz,cnutter26@ebay.com,667-470-2208,Colline Nutter,cnutter26@state.gov,529-816-5193
80,80,80,Ashly Poultney,ahalvosen27@google.com,453-809-1395,Aguie Halvosen,ahalvosen27@naver.com,253-983-3389
81,81,81,Jereme Itzkovitch,gbrill28@cdbaby.com,128-605-3545,Gerry Brill,gbrill28@reuters.com,438-997-3781
82,82,82,Viviyan Wooffinden,lbucher29@umn.edu,793-235-0681,Les Bucher,lbucher29@cam.ac.uk,359-785-0142
83,83,83,Merralee Folkerts,fchesshire2a@flavors.me,822-763-8722,Fidel Chesshire,fchesshire2a@amazon.co.uk,796-855-8559
84,84,84,Christel Hodgets,whartil2b@g.co,621-300-0343,Willard Hartil,whartil2b@devhub.com,116-324-6055
85,85,85,Henrik Sharpus,lprugel2c@google.nl,234-405-8353,Lian Prugel,lprugel2c@over-blog.com,115-672-3824
86,86,86,Addy Bleddon,ogierth2d@adobe.com,738-758-0605,Ozzie Gierth,ogierth2d@360.cn,437-287-8171
87,87,87,Malory Eddisforth,gkatzmann2e@apple.com,475-861-0656,Gert Katzmann,gkatzmann2e@delicious.com,753-135-3313
88,88,88,Andrei Saunderson,arenfrew2f@jugem.jp,843-543-7468,Allis Renfrew,arenfrew2f@weather.com,323-874-7916
89,89,89,Deanna Korba,dkidd2g@ifeng.com,452-772-3173,Debor Kidd,dkidd2g@census.gov,810-238-7572
90,90,90,Tracie Marre,sgrimsdike2h@reuters.com,323-225-2088,Selia Grimsdike,sgrimsdike2h@nsw.gov.au,453-934-2566
91,91,91,Dallas Liley,hgleadhall2i@miibeian.gov.cn,590-997-3508,Helsa Gleadhall,hgleadhall2i@patch.com,303-463-9386
92,92,92,Lin Clother,kcristofalo2j@t-online.de,393-716-4184,Kilian Cristofalo,kcristofalo2j@sourceforge.net,647-605-2850
93,93,93,Arlan Deex,llightowlers2k@newyorker.com,362-551-5287,Leigh Lightowlers,llightowlers2k@infoseek.co.jp,229-714-5578
94,94,94,Hedwig Emburey,kbecket2l@amazonaws.com,172-608-6250,Krishna Becket,kbecket2l@vistaprint.com,223-140-9301
95,95,95,Filippa Lange,shentze2m@technorati.com,185-543-5447,Shanna Hentze,shentze2m@github.io,551-976-6382
96,96,96,Nicola Aldham,lstatter2n@harvard.edu,917-385-8333,Leif Statter,lstatter2n@ebay.com,683-635-7971
97,97,97,Clementine Jessep,olackemann2o@pcworld.com,846-274-6493,Ophelie Lackemann,olackemann2o@pagesperso-orange.fr,714-172-7664
98,98,98,Mic Shrubsall,dvowdon2p@wordpress.org,817-964-9104,Diannne Vowdon,dvowdon2p@cnbc.com,374-617-2893
99,99,99,Donnajean Copins,ddemaid2q@netvibes.com,958-719-0465,Dotty Demaid,ddemaid2q@nba.com,426-559-3815
100,100,100,Henry Appleford,lmacgow2r@163.com,629-264-6394,Lora MacGow,lmacgow2r@diigo.com,908-958-3496
101,101,101,Thane Boik,vmitkov2s@flickr.com,910-510-6302,Valeria Mitkov,vmitkov2s@amazonaws.com,345-141-8188
102,102,102,Piggy California,ksolomon2t@ft.com,422-645-9988,Kessia Solomon,ksolomon2t@skyrock.com,815-802-0907
103,103,103,Trip Coppenhall,avodden2u@google.cn,870-820-7518,Aymer Vodden,avodden2u@stumbleupon.com,316-452-1275
104,104,104,Carine Kinny,edutch2v@home.pl,912-338-4341,Effie Dutch,edutch2v@weather.com,759-286-2113
105,105,105,Heath Pfeffel,abeneze2w@miitbeian.gov.cn,136-482-3322,Archer Beneze,abeneze2w@godaddy.com,716-309-9077
106,106,106,Dilly Itskovitz,gcreaven2x@is.gd,193-327-1699,Goldarina Creaven,gcreaven2x@t-online.de,144-725-7721
107,107,107,Trudy Pettinger,cyearnes2y@nhs.uk,686-589-0593,Cele Yearnes,cyearnes2y@yale.edu,449-292-1630
108,108,108,Nevsa Langelay,wburgane2z@cdbaby.com,805-214-4345,Walker Burgane,wburgane2z@pbs.org,718-215-8612
109,109,109,Jodie Lochrie,echolton30@weebly.com,485-814-6146,Edee Cholton,echolton30@harvard.edu,788-748-4453
110,110,110,Claudine Westby,sethington31@discovery.com,359-871-4226,Sherlocke Ethington,sethington31@cbc.ca,735-439-6921
111,111,111,Rubie Lacheze,dkemet32@posterous.com,652-609-6947,Donovan Kemet,dkemet32@delicious.com,505-101-9723
112,112,112,Nessi McNeish,lgoodluck33@livejournal.com,427-605-8411,Laryssa Goodluck,lgoodluck33@mail.ru,590-204-7007
113,113,113,Beulah Gillmor,mmapletoft34@omniture.com,867-154-3336,Merle Mapletoft,mmapletoft34@ucsd.edu,280-841-4194
114,114,114,Evey Giovanetti,mdungate35@ucsd.edu,930-712-5046,Myrvyn Dungate,mdungate35@pcworld.com,812-882-6005
115,115,115,Guillema Grelka,chovey36@unc.edu,813-139-7061,Cooper Hovey,chovey36@vimeo.com,551-861-4775
116,116,116,Gordan Pauly,fpietasch37@usda.gov,743-557-5725,Fawne Pietasch,fpietasch37@bing.com,648-565-1694
117,117,117,Darsey Lahiff,jhollerin38@sourceforge.net,500-452-5959,Justus Hollerin,jhollerin38@about.com,705-825-3947
118,118,118,Wilden Castleton,sanscott39@furl.net,628-754-4695,Sindee Anscott,sanscott39@umn.edu,335-342-0942
119,119,119,Etti Silber,crylands3a@tamu.edu,635-140-2883,Carola Rylands,crylands3a@deviantart.com,714-594-1978
120,120,120,Vanda Pierse,jtume3b@ox.ac.uk,905-855-5516,Jonah Tume,jtume3b@storify.com,107-448-9366
121,121,121,Madalena Thurlbourne,lmacskeaghan3c@github.io,303-773-8920,Loise MacSkeaghan,lmacskeaghan3c@facebook.com,317-581-1213
122,122,122,Rivi Jamot,xroom3d@tripod.com,553-113-3999,Ximenez Room,xroom3d@bravesites.com,714-177-3839
123,123,123,Noami Belton,leasman3e@toplist.cz,189-876-9647,Laural Easman,leasman3e@goodreads.com,614-889-7658
124,124,124,Chip Dunderdale,fbasinigazzi3f@cnn.com,156-292-1601,Farrah Basini-Gazzi,fbasinigazzi3f@myspace.com,336-808-7558
125,125,125,Cassaundra Staker,dpock3g@psu.edu,472-548-0250,Debora Pock,dpock3g@yahoo.co.jp,773-385-0449
126,126,126,Arden Rewcassell,kcourtman3h@statcounter.com,398-120-4659,Karina Courtman,kcourtman3h@myspace.com,315-913-7621
127,127,127,Cissiee Rockey,amcphaden3i@craigslist.org,437-519-5287,Alysa McPhaden,amcphaden3i@vistaprint.com,708-806-6360
128,128,128,Flemming Torpie,qvalek3j@ning.com,321-445-5560,Quintina Valek,qvalek3j@google.it,954-624-5192
129,129,129,Emelina Ruffell,dsutty3k@barnesandnoble.com,631-173-4982,Dennison Sutty,dsutty3k@ftc.gov,665-265-5010
130,130,130,Lindon Chaunce,tmorilla3l@jigsy.com,641-467-0152,Thorsten Morilla,tmorilla3l@a8.net,231-175-9596
131,131,131,Dodi Reddy,eganniclifft3m@furl.net,593-209-0730,Elvina Ganniclifft,eganniclifft3m@amazon.de,191-552-4236
132,132,132,Beryle Tillyer,dmonroe3n@indiegogo.com,732-127-6996,Damaris Monroe,dmonroe3n@slashdot.org,402-842-3849
133,133,133,Natal Bulstrode,amenghi3o@businessinsider.com,426-295-6183,Anna-diane Menghi,amenghi3o@patch.com,292-443-2954
134,134,134,Anthiathia Rawne,rguerola3p@people.com.cn,354-161-1134,Rhodia Guerola,rguerola3p@ovh.net,813-305-7518
135,135,135,Audrie Sobey,dpotes3q@php.net,189-876-8829,Dagny Potes,dpotes3q@baidu.com,218-602-9815
136,136,136,Halsy Mattacks,bmoggach3r@google.com.au,104-720-7111,Batsheva Moggach,bmoggach3r@sphinn.com,264-352-9298
137,137,137,Koralle Gergher,ggoor3s@tinypic.com,542-494-1722,Garrett Goor,ggoor3s@uol.com.br,959-491-8885
138,138,138,Bendite Conlon,wlamy3t@nyu.edu,939-927-9366,Whitney Lamy,wlamy3t@issuu.com,901-589-7556
139,139,139,Rodrick McQuorkell,hweond3u@cnbc.com,210-519-6684,Harald Weond,hweond3u@dedecms.com,312-141-9786
140,140,140,Misty McGonagle,abegent3v@uol.com.br,423-198-4894,Alvy Begent,abegent3v@tinypic.com,891-649-7735
141,141,141,Joelly Gregr,gfollet3w@networksolutions.com,887-600-5957,Gustavus Follet,gfollet3w@cdbaby.com,964-229-9048
142,142,142,Duffy Schukert,gbourdice3x@cbslocal.com,129-303-4061,Gilberto Bourdice,gbourdice3x@jiathis.com,313-680-9721
143,143,143,Free Wormleighton,vtomley3y@theatlantic.com,833-713-3015,Valry Tomley,vtomley3y@hibu.com,719-996-0087
144,144,144,Rodrique Kuschke,bhemphill3z@rambler.ru,331-230-4496,Billi Hemphill,bhemphill3z@altervista.org,766-816-0086
145,145,145,Burnaby Petworth,csewart40@google.fr,928-726-4358,Cybil Sewart,csewart40@hud.gov,760-996-8721
146,146,146,Leta Mosson,jmcguggy41@163.com,718-580-3429,Jesse McGuggy,jmcguggy41@ibm.com,181-693-9305
147,147,147,Merrie Marriott,aderrell42@i2i.jp,376-744-3834,Augustin Derrell,aderrell42@prweb.com,314-603-3933
148,148,148,Aylmar Miebes,bvockins43@addtoany.com,255-120-4186,Brandi Vockins,bvockins43@opera.com,383-547-4720
149,149,149,Dante Innocenti,hsporrij44@tinypic.com,691-645-3751,Hally Sporrij,hsporrij44@ocn.ne.jp,221-326-0635
150,150,150,Borg Wyson,ovardey45@tamu.edu,874-159-7791,Orren Vardey,ovardey45@japanpost.jp,148-904-7412
151,151,151,Karly Blackall,bilett46@archive.org,857-662-1192,Britt Ilett,bilett46@goodreads.com,102-264-2107
152,152,152,Maridel Prinne,fpowton47@blogspot.com,875-544-1768,Fidelio Powton,fpowton47@forbes.com,694-279-1649
153,153,153,Olga Giffard,abletso48@jalbum.net,466-372-0079,Anabel Bletso,abletso48@homestead.com,171-775-9264
154,154,154,Morris Benardette,fmaccurtain49@scientificamerican.com,306-365-4048,Felicia MacCurtain,fmaccurtain49@list-manage.com,664-123-4342
155,155,155,Westbrooke Zorener,shawkeswood4a@narod.ru,330-550-7655,Siouxie Hawkeswood,shawkeswood4a@umn.edu,707-195-4891
156,156,156,Rory Friese,cscholes4b@weibo.com,660-553-6927,Claiborn Scholes,cscholes4b@hugedomains.com,270-595-4981
157,157,157,Aleece McQuilkin,smartins4c@google.es,984-221-3009,Sascha Martins,smartins4c@wikia.com,775-677-4200
158,158,158,Elonore Messiter,hsteanyng4d@indiegogo.com,273-596-7572,Hugues Steanyng,hsteanyng4d@ucoz.ru,608-763-6684
159,159,159,Broddie Rew,groumier4e@technorati.com,902-179-1791,Gonzales Roumier,groumier4e@nytimes.com,324-428-3536
160,160,160,Lusa MacRory,shabercham4f@cmu.edu,919-629-1964,Shandee Habercham,shabercham4f@uol.com.br,563-590-4686
161,161,161,Jeramey Melonby,chornig4g@china.com.cn,718-428-7013,Clayborn Hornig,chornig4g@google.fr,560-279-7024
162,162,162,Willey Kubera,jpollok4h@latimes.com,592-299-3096,Jacqui Pollok,jpollok4h@sfgate.com,812-193-6544
163,163,163,Ruperto Francomb,vpinchbeck4i@a8.net,163-592-5322,Vonni Pinchbeck,vpinchbeck4i@yelp.com,855-689-9923
164,164,164,Charmine Sille,cshadbolt4j@live.com,617-335-6773,Christophorus Shadbolt,cshadbolt4j@blogtalkradio.com,912-908-1155
165,165,165,Alleen Lermit,hmoncarr4k@cbsnews.com,361-321-8509,Horst Moncarr,hmoncarr4k@fc2.com,172-650-8216
166,166,166,Timmy Tunmore,cgawthorp4l@mlb.com,288-345-0284,Celle Gawthorp,cgawthorp4l@people.com.cn,659-391-1402
167,167,167,Rosana Jachimiak,umurie4m@smugmug.com,744-447-1349,Umeko Murie,umurie4m@purevolume.com,776-908-2075
168,168,168,Dayle Randerson,mnice4n@sourceforge.net,532-272-7457,Marius Nice,mnice4n@163.com,516-855-5304
169,169,169,Valentina Peirce,rjapp4o@indiatimes.com,187-785-3932,Romonda Japp,rjapp4o@wufoo.com,824-521-0173
170,170,170,Kellby Crisall,ehelbeck4p@e-recht24.de,886-732-7910,Emyle Helbeck,ehelbeck4p@eventbrite.com,304-191-3470
171,171,171,Debbie Awton,fbeckham4q@uol.com.br,846-137-6085,Francklyn Beckham,fbeckham4q@theatlantic.com,523-847-1146
172,172,172,Kathye Curtiss,thackley4r@jalbum.net,701-491-0586,Tally Hackley,thackley4r@umich.edu,212-513-5869
173,173,173,Nickie Woolis,kblatchford4s@dedecms.com,381-653-4832,Kelsey Blatchford,kblatchford4s@comsenz.com,809-653-1436
174,174,174,Baily Sher,dstarsmeare4t@adobe.com,539-443-3465,Dorene Starsmeare,dstarsmeare4t@ibm.com,445-205-1056
175,175,175,Yolanthe Curtain,cpopley4u@joomla.org,533-519-1970,Currey Popley,cpopley4u@fc2.com,815-793-4266
176,176,176,Kristi Taile,jesilmon4v@wikipedia.org,506-619-4917,Jaimie Esilmon,jesilmon4v@cargocollective.com,226-294-4870
177,177,177,Danyelle Hugk,eprescote4w@hp.com,367-278-5633,Eulalie Prescote,eprescote4w@go.com,180-619-3118
178,178,178,Brantley Vasnetsov,efarnie4x@meetup.com,743-612-1318,Elvira Farnie,efarnie4x@jimdo.com,122-262-1081
179,179,179,Adriano Wabersich,woduggan4y@canalblog.com,623-833-1284,Waverley O'Duggan,woduggan4y@youtu.be,808-454-1869
180,180,180,Jonell Tunkin,cmoulin4z@github.com,642-214-4857,Christoforo Moulin,cmoulin4z@unc.edu,602-573-9500
181,181,181,Bartholomeo Dudderidge,ldecent50@pen.io,985-879-9489,Lazar Decent,ldecent50@ucla.edu,358-922-0141
182,182,182,Obediah Grayshon,bhartburn51@google.co.uk,674-702-4638,Bobbie Hartburn,bhartburn51@behance.net,620-725-2141
183,183,183,Sarina Hylands,gbuckney52@cornell.edu,106-127-9727,Giuditta Buckney,gbuckney52@house.gov,991-378-1136
184,184,184,Dennie Drayson,mbarnard53@jalbum.net,895-762-2517,Marillin Barnard,mbarnard53@issuu.com,159-617-3154
185,185,185,Lind Wyse,kglasebrook54@google.nl,457-985-2352,Kylen Glasebrook,kglasebrook54@seesaa.net,909-215-3375
186,186,186,Karee Frankel,dderdes55@theglobeandmail.com,680-904-4301,Dredi Derdes,dderdes55@yellowpages.com,308-618-3422
187,187,187,Camilla Adolthine,nwillard56@usnews.com,948-663-3439,Nerita Willard,nwillard56@wikia.com,376-955-8140
188,188,188,Kaiser Haney`,spolkinghorne57@over-blog.com,395-148-0688,Stepha Polkinghorne,spolkinghorne57@weebly.com,758-954-2320
189,189,189,Wilton Elden,ssand58@ehow.com,378-657-0525,Shanon Sand,ssand58@ox.ac.uk,771-412-1198
190,190,190,Husain Speer,ngiraudeau59@zdnet.com,639-290-8246,Noni Giraudeau,ngiraudeau59@abc.net.au,596-291-4131
191,191,191,Maris Larenson,klittlejohns5a@wikipedia.org,160-884-5705,Katheryn Littlejohns,klittlejohns5a@theguardian.com,568-400-9247
192,192,192,Melva Giametti,shalliday5b@slate.com,164-518-6779,Sela Halliday,shalliday5b@geocities.com,466-886-2677
193,193,193,Wilek Faustian,mjane5c@hao123.com,374-608-1054,Miles Jane,mjane5c@sciencedaily.com,894-224-8531
194,194,194,Sybyl Smoote,cpickle5d@sitemeter.com,204-424-7272,Clovis Pickle,cpickle5d@ibm.com,130-405-7227
195,195,195,Lucina Gregg,kbroomhall5e@harvard.edu,636-118-1236,Kory Broomhall,kbroomhall5e@tripadvisor.com,103-788-1576
196,196,196,Anthony Crump,krennolds5f@ucsd.edu,900-813-1996,Kirbee Rennolds,krennolds5f@google.es,819-335-0804
197,197,197,Kaleena Colls,stimblett5g@360.cn,204-590-5490,Sofie Timblett,stimblett5g@biglobe.ne.jp,478-776-1627
198,198,198,Coreen Kimmins,azelland5h@google.com.au,465-871-8804,Anabelle Zelland,azelland5h@who.int,965-758-2933
199,199,199,Tracy Lawling,wrenahan5i@economist.com,270-982-2104,Woodrow Renahan,wrenahan5i@umich.edu,488-730-9014
200,200,200,Dionis Lecky,jeverist5j@skype.com,191-792-6262,Jason Everist,jeverist5j@rambler.ru,905-297-6373
